{
    "MockModel": {
        "accuracy": 0.8571428571428571,
        "precision_macro": 0.8888888888888888,
        "precision_weighted": 0.9047619047619048,
        "recall_macro": 0.8888888888888888,
        "recall_weighted": 0.8571428571428571,
        "f1_macro": 0.8666666666666667,
        "f1_weighted": 0.8571428571428571
    }
}